pos1	A	C	G	T
1	0	0	264277	0
2	0	0	266517	0
3	0	0	0	267652
4	0	270138	0	0
5	106	7	21	279386
6	97	280498	10	3
7	235	24	43	280487
8	138	280819	35	6
9	332	31	29	280653
10	58	275	306025	167
11	59	291	306217	193
12	426	32	217	306155
13	284	45	92	306548
14	306719	25	65	265
15	36	98	337380	263
16	334612	3167	108	117
17	301	338272	75	72
18	1365	337127	353	79
19	321283	15448	523	1790
20	750	496	362583	1101
21	364791	1495	460	1769
22	1503	1265	194	366141
23	757	368148	54	502
24	1828	1874	140	365811
25	757	400	374182	526
26	371416	2851	997	1443
27	1326	524	375831	1211
28	1274	377492	303	1287
29	1170	378569	250	515
30	2280	2078	731	376490
31	1207	1016	378881	602
32	1366	854	379695	2327
33	1276	505	382676	1021
34	380672	1649	1441	1818
35	2057	636	383218	1072
36	1202	387264	231	1193
37	1416	1617	740	386748
38	1546	388693	364	770
39	1958	1564	980	386821
40	1777	389471	391	867
41	4744	3276	1205	383269
42	1580	967	391366	1703
43	1996	761	393011	1312
44	1530	393893	416	1537
45	2452	1771	1268	392018
46	394363	610	1822	1532
47	392764	1674	2140	2794
48	865	404755	261	954
49	2842	1567	405	401630
50	405474	254	1174	2015
51	779	601	406789	1757
52	925	735	407499	1650
53	1036	484	408119	787
54	390867	1858	1795	1388
55	385894	6891	3111	2694
56	786	397637	324	1254
57	2560	396766	308	1388
58	1321	397038	261	1214
59	384676	4531	1914	2236
60	907	393499	381	1169
61	4196	1989	809	385999
62	1904	994	406558	945
63	1120	407889	260	946
64	2900	1646	940	379463
65	1824	967	331	382853
66	381870	319	1121	1101
67	383653	1668	1526	1977
68	1220	561	387329	1272
69	1609	388241	295	1265
70	1882	385494	412	847
71	2494	1871	845	373906
72	701	388414	177	815
73	385664	297	1618	1673
74	385370	399	1743	1736
75	1581	902	361	386449
76	383890	156	897	890
77	340404	945	1301	1901
78	343751	1272	1692	1661
79	1106	630	345787	1365
80	1196	345439	344	985
81	2427	1421	611	333284
82	2510	1892	508	337645
83	1715	572	347120	891
84	1484	348706	409	1411
85	1726	377095	393	861
86	1931	959	635	365023
87	1978	1547	424	362528
88	891	359	365758	871
89	364175	298	1484	1972
90	1697	583	366487	562
91	2368	1524	1039	342731
92	1385	425	359270	1023
93	1642	359159	421	1641
94	1772	1579	1348	358601
95	856	368375	396	1177
96	358104	249	1807	2308
97	363341	656	1985	2702
98	367011	623	1295	2439
99	838	795	371459	807
100	1551	1477	465	370988
101	353819	850	984	2175
102	1596	668	364492	822
103	2612	1968	1688	357550
104	2310	822	367048	588
105	3145	1716	1809	360464
106	1778	450	368801	407
107	2590	1865	1738	362746
108	1529	465	365817	974
109	1532	369665	617	1551
110	2040	368914	727	968
111	1812	362533	422	1925
112	1877	666	361927	978
113	1715	1256	2107	362017
114	1822	364306	534	840
115	2095	1650	797	358658
116	1517	743	362750	648
117	3132	1807	1642	358794
118	2346	1801	1205	358290
119	2588	908	367217	762
120	2548	1764	1245	360559
121	1417	583	363942	586
122	2981	2213	1755	355091
123	914	314	361020	804
124	356944	1587	1571	2332
125	1146	358734	589	1189
126	2228	1275	858	352636
127	1514	355746	322	835
128	2778	1773	558	343004
129	1230	775	356326	1953
130	1419	733	358651	676
131	2086	1508	650	355981
132	356510	331	1627	1724
133	353782	678	1362	2308
134	693	361340	364	687
135	2130	1699	223	357955
136	351721	618	1288	2748
137	646	267	354816	1047
138	321322	466	1101	1534
139	848	288	322932	943
140	318764	2825	1290	1349
141	2102	1747	534	319044
142	1296	322488	352	812
143	1708	322424	548	798
144	1542	329229	313	685
145	2520	1432	570	325120
146	871	327507	315	977
147	321878	676	1773	2083
148	835	417	318005	1022
149	326007	5700	836	1134
150	634	337482	605	1088
151	2321	334390	749	1065
152	1004	352577	316	662
153	2253	1549	1808	342624
154	2163	1292	1202	348783
155	2927	1863	626	347859
156	963	915	178	353917
157	352094	333	895	1692
158	880	624	349393	732
159	1777	1076	1111	337582
160	1035	338283	476	984
161	287551	502	1931	3063
162	1559	672	296178	781
163	2195	1359	1149	294023
164	1727	969	297324	620
165	2458	2013	1530	294332
166	749	623	297277	1777
167	767	408	299042	1414
168	295365	139	1884	2180
169	293979	226	2026	2250
170	293473	453	1366	2120
171	289387	707	778	2337
172	937	1171	653	289392
173	999	303719	311	588
174	1830	1391	408	300415
175	927	300150	266	450
176	2307	1386	408	296858
177	296993	1249	1153	1318
178	1145	449	293352	1204
179	981	293887	538	1479
180	282440	1111	1347	3317
181	1317	580	286778	821
182	2335	1942	3286	274999
183	1190	532	281278	1136
184	1359	393	288872	996
185	1009	288302	482	1908
186	1801	465	288279	1209
187	847	289236	326	917
188	2011	287218	585	972
189	1378	284377	469	1263
190	1072	435	285428	1961
191	286388	1244	1554	1869
192	284909	1809	1774	2443
193	515	288840	609	988
194	278507	1769	1365	2730
195	421	441	280061	1248
196	779	904	277094	2054
197	790	455	282212	1473
198	286865	738	1398	1641
199	990	288702	934	950
200	1998	1608	1253	280952
201	1966	1722	1049	280610
202	611	504	283078	1376
203	281997	248	1660	1772
204	281035	756	1678	2617
205	275308	2236	1556	2211
206	908	412	280293	1106
207	1427	277926	378	1654
208	1111	378	276521	1579
209	275273	200	1178	2609
210	272070	690	1290	2593
211	279484	1274	1238	2578
212	764	727	285586	845
213	1783	780	307	284935
214	283356	230	1056	1123
215	281304	1012	1305	1813
216	293480	2751	1419	1663
217	1244	702	300491	1170
218	1073	299740	420	1164
219	1016	297128	550	938
220	284946	1202	1143	2605
221	578	225	297041	874
222	298987	1333	865	1710
223	482	409	304300	1599
224	572	473	304219	1095
225	281287	645	1143	1990
226	741	519	279041	1392
227	277676	967	951	783
228	1103	1475	4860	256861
229	824	262740	285	477
230	1444	1265	868	252675
231	665	256775	321	375
232	1494	1072	605	252365
233	672	253619	306	846
234	640	203	253707	677
235	261614	1881	1263	1389
236	404	264861	465	755
237	1732	500	260709	1460
238	475	260878	258	653
239	256008	551	858	1783
240	532	367	270682	1458
241	478	278	272273	640
242	269396	1136	802	737
243	398	271203	694	675
244	991	975	1488	251014
245	455	254070	357	527
246	938	235	253533	1158
247	859	405	252594	711
248	942	254817	388	702
249	1474	1117	1131	229566
250	983	1235	853	230318
251	310	278	238732	472
252	560	238478	362	527
253	1098	2126	1518	242384
254	481	190	253446	465
255	248211	1051	1102	1777
256	246530	1987	1406	1529
257	426	240	251612	561
258	518	249943	404	1003
259	864	221	251554	622
260	695	243383	351	939
261	1092	223	246831	752
262	706	249397	274	835
263	243664	1672	1564	2515
264	476	254986	707	1117
265	1661	302	257987	1311
266	425	385	262545	734
267	919	262226	319	609
268	258864	292	1469	1363
269	256713	1103	1025	2492
270	285	191	264497	494
271	261506	1589	699	2037
272	525	358	271397	1345
273	618	383	274120	820
274	689	265778	706	713
275	346	102	263140	733
276	259469	1068	880	1759
277	256	216	263619	405
278	813	353	263863	1066
279	625	440	262810	1275
280	1189	263	263066	691
281	995	253555	950	2005
282	993	281	258479	1658
283	699	280	261452	727
284	1081	262776	512	1418
285	847	223	264059	842
286	265182	1375	1036	1842
287	681	283214	1059	737
288	1678	804	759	279312
289	640	415	291280	1245
290	917	427	292483	578
291	1487	1288	2804	286188
292	779	265	285955	1198
293	279092	328	1253	1692
294	1024	439	280977	722
295	1343	599	554	276601
296	271655	544	1011	1609
297	804	269909	571	1771
298	1747	535	260677	1488
299	1762	261181	306	713
300	3001	259703	442	716
301	256002	325	2478	2858
302	266443	139	1708	2101
303	267677	181	1083	1892
304	266992	195	945	2123
305	269005	288	705	2129
306	1200	807	365	267577
307	1827	1121	343	267295
308	2728	2028	282	265395
309	2561	2000	221	265348
310	697	264	269490	936
311	262477	546	767	1695
312	572	263477	734	639
313	1230	773	215	262298
314	259616	1098	639	1699
315	589	244	266093	898
316	879	255869	589	1273
317	1007	310	254954	2001
318	620	244	257210	959
319	254390	571	1022	1785
320	596	295	271785	1444
321	817	320	275768	1206
322	1024	275777	451	644
323	618	664	582	273453
324	267247	147	1051	1478
325	313	158	275097	825
326	272918	267	1050	1681
327	268115	216	1046	2138
328	393	298	284320	1207
329	425	214	273483	876
330	264595	336	1179	1658
331	436	210	268171	736
332	267968	405	924	1449
333	300	148	277525	653
334	271223	406	994	1517
335	429	212	273570	893
336	272106	558	818	1196
337	1089	1155	979	261179
338	752	295	265735	608
339	1034	443	264077	1896
340	1370	499	270606	472
341	2107	2091	3276	260120
342	822	257	265040	811
343	1105	260806	320	1697
344	874	131	261471	742
345	259563	348	1136	1961
346	576	152	260620	735
347	254284	998	1062	1123
348	634	123	254056	646
349	1001	243901	367	1437
350	1309	367	244372	544
351	1621	1505	2754	241508
352	945	248266	301	1052
353	1386	356	247880	2301
354	1768	647	276445	591
355	1077	825	657	275264
356	275536	136	1065	1428
357	1559	1109	594	275272
358	687	460	88	271379
359	272278	231	684	1255
360	267083	755	1205	1630
361	766	240	270114	875
362	1062	264197	380	1232
363	1184	401	230097	1522
364	989	414	236837	1322
365	940	394	236767	1522
366	882	472	239001	1952
367	713	287	241162	940
368	237011	199	1194	1677
369	557	299	252276	1467
370	252533	227	1238	1387
371	257011	290	1397	1426
372	1507	919	472	257118
373	867	970	120	255069
374	254698	258	1068	1908
375	587	333	256751	1039
376	260726	200	1027	1184
377	1101	694	251	261166
378	248068	112	1183	1210
379	247087	392	1119	2152
380	247898	607	1095	1542
381	1607	1078	373	247370
382	918	610	248549	983
383	774	744	247591	2110
384	707	368	249568	1156
385	247583	126	1518	1619
386	254581	256	2075	2230
387	259311	166	1408	1508
388	261105	214	1034	1419
389	262563	283	946	1158
390	261993	622	779	921
391	1833	1146	250	258169
392	2043	1982	346	256664
393	1274	258041	380	1125
394	1378	461	257132	2296
395	832	402	263953	596
396	2137	2369	2325	251200
397	1324	1114	411	253841
398	252264	485	805	1716
399	252086	829	771	1775
400	612	399	259114	1155
401	1140	384	255243	958
402	880	258410	412	1200
403	748	267460	611	812
404	253388	577	1339	1749
405	1077	340	252670	1608
406	955	390	254139	1686
407	832	456	254061	1801
408	784	585	260177	2303
409	602	385	251603	1102
410	246361	223	1111	1695
411	245014	444	1995	1594
412	245257	461	1562	1891
413	273	172	248716	642
414	245955	231	963	1189
415	242943	380	1894	1581
416	244286	423	1557	1956
417	656	246874	567	725
418	243452	163	1299	2002
419	246544	217	1181	1622
420	1105	621	57	247818
421	247819	291	752	915
422	1410	757	53	246784
423	242380	151	826	850
424	241850	424	1004	1813
425	241475	441	672	1207
426	520	262203	422	422
427	1230	662	84	260409
428	262871	102	790	574
429	261497	338	1128	1811
430	259999	502	724	1290
431	260803	555	733	1829
432	535	264443	730	477
433	261404	258	962	1634
434	961	933	73	262329
435	258495	695	787	2052
436	1318	958	79	260360
437	257747	441	662	1222
438	712	357	259656	849
439	1457	838	207	253981
440	249964	685	653	2018
441	1472	1264	512	252043
442	703	297	251178	757
443	734	251	251185	1377
444	914	337	251443	964
445	667	245640	512	679
446	240667	510	1442	2337
447	232379	897	908	1784
448	784	268	234049	1033
449	475	233986	484	770
450	231231	686	1024	1881
451	406	186	231978	1204
452	432	178	224709	1160
453	730	307	224187	1365
454	222024	448	1171	1801
455	1103	245	223382	844
456	941	221042	399	967
457	534	1179	392	217732
458	213074	189	1300	1385
459	376	239	214278	910
460	211143	345	1196	1338
461	210460	373	1331	1401
462	425	196532	344	982
463	865	119	190147	778
464	187603	246	784	1121
465	1287	885	224	184962
466	1449	535	404	184914
467	742	184824	206	674
468	1160	166	183557	884
469	562	184181	357	397
470	182115	209	977	1763
471	398	191	184134	352
472	1012	1318	784	180435
473	596	387	83	179079
474	177871	64	347	731
475	176608	334	438	781
476	387	470	66	176745
477	405	176289	241	330
478	735	166453	300	369
479	436	629	81	146654
480	379	106	145615	576
481	638	134	145002	498
482	494	144824	336	378
483	800	143984	221	465
484	781	612	375	124500
485	553	295	179	124444
486	592	136	145	124202
487	155	221	18	124318
488	123688	46	187	488
489	10	9	124195	121
490	120764	42	140	174
491	44	34	120661	130
492	110090	43	13	181
493	100	109566	190	20
494	106524	105	13	259
495	24	17	102	106408
496	91	106233	96	17
497	105304	106	7	206
498	2	18	105437	37
499	104852	50	4	68
500	102611	33	4	42
501	1	5	102166	30
502	0	0	59805	0
503	0	59004	0	0
504	0	0	0	38204
505	0	0	36360	0
506	1	8	0	32
507	9	0	0	0
508	0	0	9	0
509	0	0	8	1
510	0	9	0	0
511	9	0	0	0
512	9	0	0	0
513	9	0	0	0
514	0	0	0	9
515	9	0	0	0
516	0	8	0	0
517	0	0	0	0
518	0	0	0	0
519	0	0	0	0
520	0	0	0	0
521	0	0	0	0
522	0	0	0	0
523	0	0	0	0
524	0	0	0	0
525	0	0	0	0
526	0	0	0	0
527	0	0	0	0
528	0	0	0	0
529	0	0	0	0
530	0	0	0	0
531	0	0	0	0
532	0	0	0	0
533	0	0	0	0
534	0	0	0	0
535	0	0	0	0
